{"parameters": [], "results": {"left-center": {"precision": 0.8625022119978765, "recall": 0.6203385516100293, "f1-score": 0.7216464317441516, "support": 7857}, "right-center": {"precision": 0.27877176015473887, "recall": 0.5974093264248704, "f1-score": 0.3801516650181338, "support": 1930}, "accuracy": 0.6158168999693471, "macro avg": {"precision": 0.5706369860763076, "recall": 0.6088739390174498, "f1-score": 0.5508990483811427, "support": 9787}, "weighted avg": {"precision": 0.7473903521779873, "recall": 0.6158168999693471, "f1-score": 0.6543035381320933, "support": 9787}}}