{"parameters": {"tfidf": true, "cv": 3, "test_file": null}, "results": {"mean_fit_time": [0.24431117375691733, 0.2516633669535319, 0.2413311799367269, 0.27065547307332355, 0.2696670691172282, 0.2773450215657552, 0.5056753953297933, 0.527998129526774, 0.5376666386922201, 0.258012056350708, 0.2720089753468831, 0.2509971459706624, 0.27466527620951336, 0.27901236216227215, 0.2823323408762614, 0.5109771092732748, 0.543005625406901, 0.517691453297933, 0.2479997475941976, 0.2420191764831543, 0.25101979573567706, 0.2806531588236491, 0.2930115858713786, 0.2803240617116292, 0.5226563612620035, 0.5183238983154297, 0.53169051806132], "std_fit_time": [0.01006582844608517, 0.001695330418295804, 0.005429439146962112, 0.0026198163698563396, 0.0009698943662747866, 0.0046265715300395594, 0.024874311723887196, 0.013140139039249871, 0.01959867622877659, 0.017141701678500536, 0.010206310875754934, 0.00779684544124803, 0.004482094871788935, 0.006686260616761201, 0.0018858753507257188, 0.0064880513860563855, 0.007759913503297427, 0.005256659789987012, 0.006483471667858597, 0.0021367732632845762, 0.003744450026566832, 0.01375261413715332, 0.02369930239978282, 0.010378358300631323, 0.007745718013506213, 0.03349838419079975, 0.011539272771748491], "mean_score_time": [0.1146863301595052, 0.11602282524108887, 0.11534746487935384, 0.13070019086201987, 0.1363698641459147, 0.13734070460001627, 0.2489778200785319, 0.25802071889241535, 0.2556789716084798, 0.11801489194234212, 0.12498760223388672, 0.11467218399047852, 0.12801297505696616, 0.12899176279703775, 0.13068556785583496, 0.25490522384643555, 0.27297528584798175, 0.2596844832102458, 0.12531844774881998, 0.11665034294128418, 0.1203312873840332, 0.13934008280436197, 0.14330641428629556, 0.1360145409901937, 0.2553456624348958, 0.26933129628499347, 0.25634249051411945], "std_score_time": [0.005416691808683584, 0.0035213242351508907, 0.003399659988707521, 0.005921454452270998, 0.014646667756457723, 0.014048559819929517, 0.008277619764832064, 0.007348620561661556, 0.006959683311519299, 0.004336103931941216, 0.0024395863572272444, 0.005425273572862475, 0.0028179534310354215, 0.0021793476710790646, 0.0012267391134008895, 0.013178803725942205, 0.019217676185710346, 0.005443123216868583, 0.012699102605675604, 0.004212130373566669, 0.0018855085881491062, 0.014609546911080386, 0.008651862751843202, 0.006523709877921825, 0.012228238173818093, 0.00542802781337464, 0.008818937956352092], "param_cls__alpha": [1.0, 1.0, 1.0, 1.0, 1.0, 1.0, 1.0, 1.0, 1.0, 0.75, 0.75, 0.75, 0.75, 0.75, 0.75, 0.75, 0.75, 0.75, 0.5, 0.5, 0.5, 0.5, 0.5, 0.5, 0.5, 0.5, 0.5], "param_vec__analyzer": ["word", "word", "word", "char", "char", "char", "char_wb", "char_wb", "char_wb", "word", "word", "word", "char", "char", "char", "char_wb", "char_wb", "char_wb", "word", "word", "word", "char", "char", "char", "char_wb", "char_wb", "char_wb"], "param_vec__max_features": [4, 8, null, 4, 8, null, 4, 8, null, 4, 8, null, 4, 8, null, 4, 8, null, 4, 8, null, 4, 8, null, 4, 8, null], "params": [{"cls__alpha": 1.0, "vec__analyzer": "word", "vec__max_features": 4}, {"cls__alpha": 1.0, "vec__analyzer": "word", "vec__max_features": 8}, {"cls__alpha": 1.0, "vec__analyzer": "word", "vec__max_features": null}, {"cls__alpha": 1.0, "vec__analyzer": "char", "vec__max_features": 4}, {"cls__alpha": 1.0, "vec__analyzer": "char", "vec__max_features": 8}, {"cls__alpha": 1.0, "vec__analyzer": "char", "vec__max_features": null}, {"cls__alpha": 1.0, "vec__analyzer": "char_wb", "vec__max_features": 4}, {"cls__alpha": 1.0, "vec__analyzer": "char_wb", "vec__max_features": 8}, {"cls__alpha": 1.0, "vec__analyzer": "char_wb", "vec__max_features": null}, {"cls__alpha": 0.75, "vec__analyzer": "word", "vec__max_features": 4}, {"cls__alpha": 0.75, "vec__analyzer": "word", "vec__max_features": 8}, {"cls__alpha": 0.75, "vec__analyzer": "word", "vec__max_features": null}, {"cls__alpha": 0.75, "vec__analyzer": "char", "vec__max_features": 4}, {"cls__alpha": 0.75, "vec__analyzer": "char", "vec__max_features": 8}, {"cls__alpha": 0.75, "vec__analyzer": "char", "vec__max_features": null}, {"cls__alpha": 0.75, "vec__analyzer": "char_wb", "vec__max_features": 4}, {"cls__alpha": 0.75, "vec__analyzer": "char_wb", "vec__max_features": 8}, {"cls__alpha": 0.75, "vec__analyzer": "char_wb", "vec__max_features": null}, {"cls__alpha": 0.5, "vec__analyzer": "word", "vec__max_features": 4}, {"cls__alpha": 0.5, "vec__analyzer": "word", "vec__max_features": 8}, {"cls__alpha": 0.5, "vec__analyzer": "word", "vec__max_features": null}, {"cls__alpha": 0.5, "vec__analyzer": "char", "vec__max_features": 4}, {"cls__alpha": 0.5, "vec__analyzer": "char", "vec__max_features": 8}, {"cls__alpha": 0.5, "vec__analyzer": "char", "vec__max_features": null}, {"cls__alpha": 0.5, "vec__analyzer": "char_wb", "vec__max_features": 4}, {"cls__alpha": 0.5, "vec__analyzer": "char_wb", "vec__max_features": 8}, {"cls__alpha": 0.5, "vec__analyzer": "char_wb", "vec__max_features": null}], "split0_test_score": [0.7244804119919073, 0.7244804119919073, 0.727331248850469, 0.7244804119919073, 0.7244804119919073, 0.727331248850469, 0.7244804119919073, 0.7244804119919073, 0.7248482619091411, 0.7244804119919073, 0.7244804119919073, 0.7275151738090859, 0.7244804119919073, 0.7244804119919073, 0.7275151738090859, 0.7244804119919073, 0.7244804119919073, 0.7250321868677579, 0.7244804119919073, 0.7244804119919073, 0.727331248850469, 0.7244804119919073, 0.7244804119919073, 0.727331248850469, 0.7244804119919073, 0.7244804119919073, 0.7246643369505242], "split1_test_score": [0.7244804119919073, 0.7244804119919073, 0.7274232113297775, 0.7244804119919073, 0.7244804119919073, 0.7274232113297775, 0.7244804119919073, 0.7244804119919073, 0.725675924222917, 0.7244804119919073, 0.7244804119919073, 0.7276071362883944, 0.7244804119919073, 0.7244804119919073, 0.7276071362883944, 0.7244804119919073, 0.7244804119919073, 0.725675924222917, 0.7244804119919073, 0.7244804119919073, 0.7278830237263196, 0.7244804119919073, 0.7244804119919073, 0.7278830237263196, 0.7244804119919073, 0.7244804119919073, 0.7257678867022255], "split2_test_score": [0.7244804119919073, 0.7244804119919073, 0.7238366746367482, 0.7244804119919073, 0.7244804119919073, 0.7238366746367482, 0.7244804119919073, 0.7244804119919073, 0.7237447121574397, 0.7244804119919073, 0.7244804119919073, 0.7238366746367482, 0.7244804119919073, 0.7244804119919073, 0.7238366746367482, 0.7244804119919073, 0.7244804119919073, 0.7237447121574397, 0.7244804119919073, 0.7244804119919073, 0.7240205995953651, 0.7244804119919073, 0.7244804119919073, 0.7240205995953651, 0.7244804119919073, 0.7244804119919073, 0.7237447121574397], "mean_test_score": [0.7244804119919074, 0.7244804119919074, 0.7261970449389983, 0.7244804119919074, 0.7244804119919074, 0.7261970449389983, 0.7244804119919074, 0.7244804119919074, 0.7247562994298327, 0.7244804119919074, 0.7244804119919074, 0.7263196615780761, 0.7244804119919074, 0.7244804119919074, 0.7263196615780761, 0.7244804119919074, 0.7244804119919074, 0.7248176077493715, 0.7244804119919074, 0.7244804119919074, 0.7264116240573846, 0.7244804119919074, 0.7244804119919074, 0.7264116240573846, 0.7244804119919074, 0.7244804119919074, 0.7247256452700631], "std_test_score": [1.1102230246251565e-16, 1.1102230246251565e-16, 0.0016694560485795173, 1.1102230246251565e-16, 1.1102230246251565e-16, 0.0016694560485795173, 1.1102230246251565e-16, 1.1102230246251565e-16, 0.0007910911593749063, 1.1102230246251565e-16, 1.1102230246251565e-16, 0.0017561382609775913, 1.1102230246251565e-16, 1.1102230246251565e-16, 0.0017561382609775913, 1.1102230246251565e-16, 1.1102230246251565e-16, 0.0008028815433577912, 1.1102230246251565e-16, 1.1102230246251565e-16, 0.0017056498980127835, 1.1102230246251565e-16, 1.1102230246251565e-16, 0.0017056498980127835, 1.1102230246251565e-16, 1.1102230246251565e-16, 0.0008270944493429006], "rank_test_score": [10, 10, 5, 10, 10, 5, 10, 10, 8, 10, 10, 3, 10, 10, 3, 10, 10, 7, 10, 10, 1, 10, 10, 1, 10, 10, 9]},