{"parameters": {"input_file": "reviews.txt", "tfidf": null, "test_percentage": 0.2}, "results": {"fit_time": [17.998879432678223, 17.57788372039795, 17.114680290222168], "score_time": [8.29796552658081, 8.47097635269165, 9.790825366973877], "test_score": [0.5862608055913188, 0.6636932131690271, 0.639966893507449]}}