{"parameters": {"tfidf": null, "cv": 3, "test_file": null}, "results": {"mean_fit_time": [0.24001924196879068, 0.2506554921468099, 0.27469444274902344, 0.2880086104075114, 0.30133239428202313, 0.28700852394104004, 0.5580143133799235, 0.5393409729003906, 0.5356713930765787, 0.2560113271077474, 0.25333261489868164, 0.29100584983825684, 0.320663054784139, 0.3066549301147461, 0.28969701131184894, 0.5466609795888265, 0.5492165883382162, 0.5776540438334147, 0.25466593106587726, 0.26101311047871906, 0.25635727246602374, 0.2853326002756755, 0.28799231847127277, 0.2876872221628825, 0.5443528493245443, 0.5623250007629395, 0.5480020840962728], "std_fit_time": [0.009422703049311261, 0.012024661842885713, 0.03562652897655196, 0.006362797753375694, 0.013719669232608431, 0.008517853152656258, 0.013607607066555349, 0.004483369584848251, 0.002864374557511374, 0.004870425962832266, 0.0004718783745961176, 0.027449291074791913, 0.03422019577245606, 0.013895471219821478, 0.0026465345512100796, 0.010653921939714468, 0.01127347004832512, 0.017629095991827437, 0.012686821194303602, 0.0021443864683338794, 0.00448015556028843, 0.0074264960847213795, 0.002798946685858766, 0.00251132726664772, 0.014683637429560246, 0.020268817716714467, 0.030477725317855923], "mean_score_time": [0.12066181500752766, 0.12034233411153157, 0.125, 0.14033063252766928, 0.1456789175669352, 0.1319852670033773, 0.29232199986775714, 0.26633961995442706, 0.26035300890604657, 0.12333814303080241, 0.11664859453837077, 0.140639066696167, 0.1460107962290446, 0.14434432983398438, 0.14197818438212076, 0.29198336601257324, 0.29197994867960614, 0.26600201924641925, 0.13433122634887695, 0.12900320688883463, 0.12400460243225098, 0.1423350969950358, 0.1386710007985433, 0.1333161989847819, 0.27635717391967773, 0.2590146064758301, 0.30166371663411456], "std_score_time": [0.005159898232447766, 0.0048002271734463794, 0.008583893712020323, 0.006042929350603025, 0.007415360549792427, 0.005714659722994636, 0.02675228209453844, 0.008346662788060979, 0.01036023998586281, 0.001880832096233306, 0.005418654217613215, 0.028543004670212244, 0.0016643138387529015, 0.006215001583535777, 0.0037535496237773185, 0.010426792972353705, 0.016257700070983264, 0.02196272309513045, 0.006597186003584419, 0.0008223801678321058, 0.0043225876521341975, 0.0038643558497109187, 0.0047162931884234625, 0.015339929346757288, 0.015846526403020658, 0.01595545044615831, 0.03943445547427538], "param_cls__alpha": [1.0, 1.0, 1.0, 1.0, 1.0, 1.0, 1.0, 1.0, 1.0, 0.75, 0.75, 0.75, 0.75, 0.75, 0.75, 0.75, 0.75, 0.75, 0.5, 0.5, 0.5, 0.5, 0.5, 0.5, 0.5, 0.5, 0.5], "param_vec__analyzer": ["word", "word", "word", "char", "char", "char", "char_wb", "char_wb", "char_wb", "word", "word", "word", "char", "char", "char", "char_wb", "char_wb", "char_wb", "word", "word", "word", "char", "char", "char", "char_wb", "char_wb", "char_wb"], "param_vec__max_features": [4, 8, null, 4, 8, null, 4, 8, null, 4, 8, null, 4, 8, null, 4, 8, null, 4, 8, null, 4, 8, null, 4, 8, null], "params": [{"cls__alpha": 1.0, "vec__analyzer": "word", "vec__max_features": 4}, {"cls__alpha": 1.0, "vec__analyzer": "word", "vec__max_features": 8}, {"cls__alpha": 1.0, "vec__analyzer": "word", "vec__max_features": null}, {"cls__alpha": 1.0, "vec__analyzer": "char", "vec__max_features": 4}, {"cls__alpha": 1.0, "vec__analyzer": "char", "vec__max_features": 8}, {"cls__alpha": 1.0, "vec__analyzer": "char", "vec__max_features": null}, {"cls__alpha": 1.0, "vec__analyzer": "char_wb", "vec__max_features": 4}, {"cls__alpha": 1.0, "vec__analyzer": "char_wb", "vec__max_features": 8}, {"cls__alpha": 1.0, "vec__analyzer": "char_wb", "vec__max_features": null}, {"cls__alpha": 0.75, "vec__analyzer": "word", "vec__max_features": 4}, {"cls__alpha": 0.75, "vec__analyzer": "word", "vec__max_features": 8}, {"cls__alpha": 0.75, "vec__analyzer": "word", "vec__max_features": null}, {"cls__alpha": 0.75, "vec__analyzer": "char", "vec__max_features": 4}, {"cls__alpha": 0.75, "vec__analyzer": "char", "vec__max_features": 8}, {"cls__alpha": 0.75, "vec__analyzer": "char", "vec__max_features": null}, {"cls__alpha": 0.75, "vec__analyzer": "char_wb", "vec__max_features": 4}, {"cls__alpha": 0.75, "vec__analyzer": "char_wb", "vec__max_features": 8}, {"cls__alpha": 0.75, "vec__analyzer": "char_wb", "vec__max_features": null}, {"cls__alpha": 0.5, "vec__analyzer": "word", "vec__max_features": 4}, {"cls__alpha": 0.5, "vec__analyzer": "word", "vec__max_features": 8}, {"cls__alpha": 0.5, "vec__analyzer": "word", "vec__max_features": null}, {"cls__alpha": 0.5, "vec__analyzer": "char", "vec__max_features": 4}, {"cls__alpha": 0.5, "vec__analyzer": "char", "vec__max_features": 8}, {"cls__alpha": 0.5, "vec__analyzer": "char", "vec__max_features": null}, {"cls__alpha": 0.5, "vec__analyzer": "char_wb", "vec__max_features": 4}, {"cls__alpha": 0.5, "vec__analyzer": "char_wb", "vec__max_features": 8}, {"cls__alpha": 0.5, "vec__analyzer": "char_wb", "vec__max_features": null}], "split0_test_score": [0.7244804119919073, 0.7244804119919073, 0.7608975537980504, 0.7244804119919073, 0.7244804119919073, 0.7608975537980504, 0.7244804119919073, 0.7244804119919073, 0.7615412911532095, 0.7244804119919073, 0.7244804119919073, 0.7608055913187419, 0.7244804119919073, 0.7244804119919073, 0.7608055913187419, 0.7244804119919073, 0.7244804119919073, 0.761449328673901, 0.7244804119919073, 0.7244804119919073, 0.7609895162773589, 0.7244804119919073, 0.7244804119919073, 0.7609895162773589, 0.7244804119919073, 0.7244804119919073, 0.7613573661945926], "split1_test_score": [0.7244804119919073, 0.7242964870332904, 0.7275151738090859, 0.7244804119919073, 0.7242964870332904, 0.7275151738090859, 0.7242964870332904, 0.7242964870332904, 0.7293544233952547, 0.7244804119919073, 0.7242964870332904, 0.7277910612470112, 0.7244804119919073, 0.7242964870332904, 0.7277910612470112, 0.7242964870332904, 0.7242964870332904, 0.7292624609159463, 0.7244804119919073, 0.7242964870332904, 0.7282508736435535, 0.7244804119919073, 0.7242964870332904, 0.7282508736435535, 0.7242964870332904, 0.7242964870332904, 0.7296303108331801], "split2_test_score": [0.7244804119919073, 0.7244804119919073, 0.7350560971123782, 0.7244804119919073, 0.7244804119919073, 0.7350560971123782, 0.7244804119919073, 0.7244804119919073, 0.7350560971123782, 0.7244804119919073, 0.7244804119919073, 0.7351480595916866, 0.7244804119919073, 0.7244804119919073, 0.7351480595916866, 0.7244804119919073, 0.7244804119919073, 0.7350560971123782, 0.7244804119919073, 0.7244804119919073, 0.7350560971123782, 0.7244804119919073, 0.7244804119919073, 0.7350560971123782, 0.7244804119919073, 0.7244804119919073, 0.7350560971123782], "mean_test_score": [0.7244804119919074, 0.7244191036723683, 0.7411562749065048, 0.7244804119919074, 0.7244191036723683, 0.7411562749065048, 0.7244191036723683, 0.7244191036723683, 0.7419839372202808, 0.7244804119919074, 0.7244191036723683, 0.7412482373858132, 0.7244804119919074, 0.7244191036723683, 0.7412482373858132, 0.7244191036723683, 0.7244191036723683, 0.7419226289007419, 0.7244804119919074, 0.7244191036723683, 0.7414321623444301, 0.7244804119919074, 0.7244191036723683, 0.7414321623444301, 0.7244191036723683, 0.7244191036723683, 0.7420145913800503], "std_test_score": [1.1102230246251565e-16, 8.670305697828865e-05, 0.014294636529642156, 1.1102230246251565e-16, 8.670305697828865e-05, 0.014294636529642156, 8.670305697828865e-05, 8.670305697828865e-05, 0.01402366667310455, 1.1102230246251565e-16, 8.670305697828865e-05, 0.01415153527134706, 1.1102230246251565e-16, 8.670305697828865e-05, 0.01415153527134706, 8.670305697828865e-05, 8.670305697828865e-05, 0.014008582086646583, 1.1102230246251565e-16, 8.670305697828865e-05, 0.014105444250561375, 1.1102230246251565e-16, 8.670305697828865e-05, 0.014105444250561375, 8.670305697828865e-05, 8.670305697828865e-05, 0.01385561239670175], "rank_test_score": [10, 16, 8, 10, 16, 8, 16, 16, 2, 10, 16, 6, 10, 16, 6, 16, 16, 3, 10, 16, 4, 10, 16, 4, 16, 16, 1]},