{"parameters": {"input_file": "reviews.txt", "tfidf": null, "test_percentage": 0.2}, "results": {"fit_time": [19.66699767112732, 19.062427043914795, 19.956064462661743], "score_time": [9.019185543060303, 9.143827438354492, 10.182995796203613], "test_score": [0.5862608055913188, 0.6636932131690271, 0.639966893507449]}}