{"parameters": {"tfidf": null, "cv": 3, "test": false, "load_model": false}, "param_grid": {"cls__alpha": [1.0, 0.75, 0.5], "vec__analyzer": ["word", "char", "char_wb"], "vec__max_features": [4, 8, null]}, "classification_report": {"left-center": {"precision": 0.7665198237885462, "recall": 0.9512195121951219, "f1-score": 0.8489397635578908, "support": 2378}, "right-center": {"precision": 0.6270096463022508, "recall": 0.22058823529411764, "f1-score": 0.3263598326359832, "support": 884}, "accuracy": 0.7532188841201717, "macro avg": {"precision": 0.6967647350453985, "recall": 0.5859038737446198, "f1-score": 0.5876497980969371, "support": 3262}, "weighted avg": {"precision": 0.7287126512263497, "recall": 0.7532188841201717, "f1-score": 0.7073209226826712, "support": 3262}}}