{
    "parameters": {
        "test": true,
        "load_model": false,
        "cop": null,
        "batch_size": 8,
        "epochs": 50,
        "max_length": 40,
        "undersample": true,
        "model_number": "00"
    },
    "results": {
        "left-center": {
            "precision": 0.8344988344988346,
            "recall": 0.9862258953168044,
            "f1-score": 0.9040404040404042,
            "support": 363
        },
        "right-center": {
            "precision": 0.9206349206349206,
            "recall": 0.4496124031007752,
            "f1-score": 0.6041666666666667,
            "support": 129
        },
        "accuracy": 0.8455284552845529,
        "macro avg": {
            "precision": 0.8775668775668776,
            "recall": 0.7179191492087897,
            "f1-score": 0.7541035353535355,
            "support": 492
        },
        "weighted avg": {
            "precision": 0.8570832961076864,
            "recall": 0.8455284552845529,
            "f1-score": 0.8254149728997292,
            "support": 492
        }
    }
}