{
    "parameters": {
        "test": true,
        "load_model": false,
        "cop": null,
        "batch_size": 16,
        "epochs": 50,
        "max_length": 40,
        "undersample": null,
        "model_number": "00"
    },
    "results": {
        "left-center": {
            "precision": 0.9231759656652361,
            "recall": 0.9034019319613608,
            "f1-score": 0.9131819146677987,
            "support": 2381
        },
        "right-center": {
            "precision": 0.7526881720430108,
            "recall": 0.7963594994311718,
            "f1-score": 0.7739082365948037,
            "support": 879
        },
        "accuracy": 0.8745398773006134,
        "macro avg": {
            "precision": 0.8379320688541234,
            "recall": 0.8498807156962662,
            "f1-score": 0.8435450756313012,
            "support": 3260
        },
        "weighted avg": {
            "precision": 0.8772070176302863,
            "recall": 0.8745398773006134,
            "f1-score": 0.8756292879726569,
            "support": 3260
        }
    }
}