{
    "parameters": {
        "test": true,
        "load_model": false,
        "cop": null,
        "batch_size": 4,
        "epochs": 50,
        "max_length": 40,
        "undersample": true,
        "model_number": "00"
    },
    "results": {
        "left-center": {
            "precision": 0.8787878787878788,
            "recall": 0.9592875318066157,
            "f1-score": 0.9172749391727494,
            "support": 393
        },
        "right-center": {
            "precision": 0.746031746031746,
            "recall": 0.47474747474747475,
            "f1-score": 0.5802469135802469,
            "support": 99
        },
        "accuracy": 0.8617886178861789,
        "macro avg": {
            "precision": 0.8124098124098125,
            "recall": 0.7170175032770453,
            "f1-score": 0.7487609263764982,
            "support": 492
        },
        "weighted avg": {
            "precision": 0.852074754513779,
            "recall": 0.8617886178861789,
            "f1-score": 0.849458324266941,
            "support": 492
        }
    }
}