{
    "parameters": {
        "input_file": "reviews.txt",
        "test_percentage": 0.2
    },
    "results": [
        {
            "1": [
                0.3603789210319519,
                0.892307698726654
            ]
        },
        {
            "2": [
                0.05264173820614815,
                0.9860140085220337
            ]
        }
    ]
}