{
    "parameters": {
        "test": false,
        "load_model": false,
        "cop": null,
        "batch_size": 16,
        "epochs": 50,
        "max_length": 40,
        "undersample": true,
        "model_number": "00"
    },
    "results": {
        "left-center": {
            "precision": 0.8843736908253037,
            "recall": 0.9307760141093474,
            "f1-score": 0.9069817400644469,
            "support": 2268
        },
        "right-center": {
            "precision": 0.819954128440367,
            "recall": 0.7214934409687185,
            "f1-score": 0.7675791733762748,
            "support": 991
        },
        "accuracy": 0.8671371586376189,
        "macro avg": {
            "precision": 0.8521639096328353,
            "recall": 0.8261347275390329,
            "f1-score": 0.8372804567203609,
            "support": 3259
        },
        "weighted avg": {
            "precision": 0.8647849254606298,
            "recall": 0.8671371586376189,
            "f1-score": 0.8645920672850733,
            "support": 3259
        }
    }
}