{"parameters": {"input_file": "reviews.txt", "tfidf": null, "test_percentage": 0.2}, "results": {"fit_time": [64.42006015777588, 113.42179846763611, 77.78459596633911], "score_time": [32.25629544258118, 27.45094347000122, 37.647003173828125], "test_score": [0.869198312236287, 0.8663853727144867, 0.869198312236287]}}