{
    "parameters": {
        "cv": 3,
        "C": 0.5,
        "min_df": 0.0001,
        "max_df": 0.8,
        "ngram_range": [
            1,
            3
        ],
        "test": false,
        "load_model": true,
        "cop": null,
        "undersample": true,
        "model_number": "00"
    },
    "param_grid": {
        "union__tf_idf__max_df": [
            0.5
        ],
        "union__tf_idf__min_df": [
            0.0001
        ],
        "union__tf_idf__ngram_range": [
            [
                1,
                3
            ]
        ],
        "cls__C": [
            0.5
        ]
    },
    "classification_report": {
        "left-center": {
            "precision": 0.9159663865546218,
            "recall": 0.7294019238812213,
            "f1-score": 0.8121071012805587,
            "support": 2391
        },
        "right-center": {
            "precision": 0.522509225092251,
            "recall": 0.815668202764977,
            "f1-score": 0.6369770580296896,
            "support": 868
        },
        "accuracy": 0.7523780300705738,
        "macro avg": {
            "precision": 0.7192378058234363,
            "recall": 0.7725350633230992,
            "f1-score": 0.7245420796551242,
            "support": 3259
        },
        "weighted avg": {
            "precision": 0.8111732548733276,
            "recall": 0.7523780300705738,
            "f1-score": 0.7654630762600757,
            "support": 3259
        }
    }
}