{"parameters": {"cv": 3, "test": true, "load_model": true, "cop": null, "undersample": null, "model_number": "01"}, "param_grid": {"union__tf_idf__max_df": [0.5], "union__tf_idf__min_df": [0.0001], "union__tf_idf__ngram_range": [[1, 3]], "cls__C": [0.5]}, "classification_report": {"left-center": {"precision": 0.8508566978193146, "recall": 0.9134615384615384, "f1-score": 0.8810483870967742, "support": 2392}, "right-center": {"precision": 0.7008670520231214, "recall": 0.5587557603686636, "f1-score": 0.6217948717948718, "support": 868}, "accuracy": 0.8190184049079755, "macro avg": {"precision": 0.775861874921218, "recall": 0.736108649415101, "f1-score": 0.751421629445823, "support": 3260}, "weighted avg": {"precision": 0.810920804398733, "recall": 0.8190184049079755, "f1-score": 0.8120201505071879, "support": 3260}}}