{
    "parameters": {
        "cv": 3,
        "C": 0.5,
        "min_df": 0.0001,
        "max_df": 0.8,
        "ngram_range": [
            1,
            3
        ],
        "test": false,
        "load_model": true,
        "cop": null,
        "undersample": true,
        "model_number": "01"
    },
    "param_grid": {
        "union__tf_idf__max_df": [
            0.5
        ],
        "union__tf_idf__min_df": [
            0.0001
        ],
        "union__tf_idf__ngram_range": [
            [
                1,
                3
            ]
        ],
        "cls__C": [
            0.5
        ]
    },
    "classification_report": {
        "left-center": {
            "precision": 0.8433501357115161,
            "recall": 0.9096612296110415,
            "f1-score": 0.875251509054326,
            "support": 2391
        },
        "right-center": {
            "precision": 0.6823529411764706,
            "recall": 0.5345622119815668,
            "f1-score": 0.5994832041343668,
            "support": 868
        },
        "accuracy": 0.8097575943540963,
        "macro avg": {
            "precision": 0.7628515384439933,
            "recall": 0.7221117207963041,
            "f1-score": 0.7373673565943464,
            "support": 3259
        },
        "weighted avg": {
            "precision": 0.8004702446846922,
            "recall": 0.8097575943540963,
            "f1-score": 0.8018035530339135,
            "support": 3259
        }
    }
}