{
    "parameters": {
        "cv": 3,
        "C": 0.5,
        "min_df": 0.0001,
        "max_df": 0.8,
        "ngram_range": [
            1,
            3
        ],
        "test": true,
        "load_model": true,
        "cop": null,
        "undersample": true,
        "model_number": "00"
    },
    "param_grid": {
        "union__tf_idf__max_df": [
            0.5
        ],
        "union__tf_idf__min_df": [
            0.0001
        ],
        "union__tf_idf__ngram_range": [
            [
                1,
                3
            ]
        ],
        "cls__C": [
            0.5
        ]
    },
    "classification_report": {
        "left-center": {
            "precision": 0.9178719008264463,
            "recall": 0.7428929765886287,
            "f1-score": 0.8211645101663586,
            "support": 2392
        },
        "right-center": {
            "precision": 0.5354984894259819,
            "recall": 0.8168202764976958,
            "f1-score": 0.6468978102189781,
            "support": 868
        },
        "accuracy": 0.7625766871165645,
        "macro avg": {
            "precision": 0.7266851951262141,
            "recall": 0.7798566265431623,
            "f1-score": 0.7340311601926683,
            "support": 3260
        },
        "weighted avg": {
            "precision": 0.8160620477296354,
            "recall": 0.7625766871165645,
            "f1-score": 0.7747646649042953,
            "support": 3260
        }
    }
}