{"parameters": {"test_file": null}, "results": [{"1": [0.5891486406326294, 0.724296510219574]}, {"2": [0.5880749821662903, 0.7251241207122803]}, {"3": [0.5891209840774536, 0.7240206003189087]}]}