{"parameters": {"cv": 3, "test": false, "load_model": false, "cop": null, "undersample": true, "model_number": "00"}, "results": {"left-center": {"precision": 0.872716894977169, "recall": 0.6795555555555556, "f1-score": 0.7641179410294853, "support": 2250}, "right-center": {"precision": 0.4871977240398293, "recall": 0.7544052863436124, "f1-score": 0.592048401037165, "support": 908}, "accuracy": 0.7010766307789741, "macro avg": {"precision": 0.6799573095084992, "recall": 0.716980420949584, "f1-score": 0.6780831710333252, "support": 3158}, "weighted avg": {"precision": 0.7618709775575666, "recall": 0.7010766307789741, "f1-score": 0.7146438617663355, "support": 3158}}}