{"parameters": {"cv": 3, "test": false, "load_model": false, "cop": null, "undersample": null, "model_number": "00"}, "results": {"left-center": {"precision": 0.8132925229558373, "recall": 0.8266666666666667, "f1-score": 0.8199250606127396, "support": 2250}, "right-center": {"precision": 0.5522388059701493, "recall": 0.5297356828193832, "f1-score": 0.5407532321528948, "support": 908}, "accuracy": 0.7412919569347688, "macro avg": {"precision": 0.6827656644629934, "recall": 0.678201174743025, "f1-score": 0.6803391463828172, "support": 3158}, "weighted avg": {"precision": 0.7382333795033342, "recall": 0.7412919569347688, "f1-score": 0.7396565298206119, "support": 3158}}}