{"parameters": {"cv": 3, "test": false, "load_model": false, "cop": null, "undersample": true, "model_number": "00"}, "results": {"left-center": {"precision": 0.9188741721854304, "recall": 0.74, "f1-score": 0.8197932053175776, "support": 2250}, "right-center": {"precision": 0.5653789004457652, "recall": 0.8381057268722467, "f1-score": 0.6752440106477373, "support": 908}, "accuracy": 0.7682077264091197, "macro avg": {"precision": 0.7421265363155978, "recall": 0.7890528634361234, "f1-score": 0.7475186079826575, "support": 3158}, "weighted avg": {"precision": 0.817235886327414, "recall": 0.7682077264091197, "f1-score": 0.778231878921056, "support": 3158}}}