{"parameters": {"cv": 3, "test": false, "load_model": false, "cop": null, "undersample": null, "model_number": "00"}, "results": {"left-center": {"precision": 0.8658854166666666, "recall": 0.8866666666666667, "f1-score": 0.8761528326745719, "support": 2250}, "right-center": {"precision": 0.7014051522248244, "recall": 0.6596916299559471, "f1-score": 0.6799091940976162, "support": 908}, "accuracy": 0.8214059531348955, "macro avg": {"precision": 0.7836452844457455, "recall": 0.7731791483113069, "f1-score": 0.778031013386094, "support": 3158}, "weighted avg": {"precision": 0.8185934343635657, "recall": 0.8214059531348955, "f1-score": 0.8197281259526353, "support": 3158}}}